;Nome;Preço
0;Marugoto Shokyu 1 A2 Rikai;R$ 232,00
1;Marugoto Shokyu 1 A2 Katsudou;R$ 220,00
2;Kakikata card Kanji - KUMON;R$ 110,00
3;Kakikata card Katakana- KUMON;R$ 130,00
4;Kakikata card Hiragana - KUMON;R$ 132,00
5;Pequeno dicionário Português - Japonês;R$ 35,00
6;Pequeno dicionário Japonês - Português;R$ 67,00
7;Gramática da Língua Japonesa para Falantes do Português - 3a edição;R$ 45,00
8;Marugoto Syokyu 2 A2 Rikai;R$ 232,00
9;Marugoto Syokyu 2 A2 Katsudou;R$ 220,00
10;Kit com 3 cadernos e 6 pôsteres para iniciante em japonês;R$ 50,00
11;Kit com 3 cadernos e 3 pôsteres para iniciante em japonês;R$ 37,00
12;Pôster de sinalização em japonês;R$ 3,00
13;Pôster de 80 kanjis da 1 série fundamental;R$ 5,50
14;Marugoto Nyumon A1 Rikai;R$ 220,00
15;Marugoto Shokyu 1 A2 Rikai;R$ 232,00
16;Marugoto Shokyu 1 A2 Katsudou;R$ 220,00
17;Kakikata card Kanji - KUMON;R$ 110,00
18;Kakikata card Katakana- KUMON;R$ 130,00
19;Kakikata card Hiragana - KUMON;R$ 132,00
20;Pequeno dicionário Português - Japonês;R$ 35,00
21;Pequeno dicionário Japonês - Português;R$ 67,00
22;Gramática da Língua Japonesa para Falantes do Português - 3a edição;R$ 45,00
23;Marugoto Syokyu 2 A2 Rikai;R$ 232,00
24;Marugoto Syokyu 2 A2 Katsudou;R$ 220,00
25;Kit com 3 cadernos e 6 pôsteres para iniciante em japonês;R$ 50,00
26;Kit com 3 cadernos e 3 pôsteres para iniciante em japonês;R$ 37,00
27;Pôster de sinalização em japonês;R$ 3,00
28;Pôster de 80 kanjis da 1 série fundamental;R$ 5,50
29;Marugoto Nyumon A1 Rikai;R$ 220,00
30;Marugoto Shokyu 1 A2 Rikai;R$ 232,00
31;Marugoto Shokyu 1 A2 Katsudou;R$ 220,00
32;Kakikata card Kanji - KUMON;R$ 110,00
33;Kakikata card Katakana- KUMON;R$ 130,00
34;Kakikata card Hiragana - KUMON;R$ 132,00
35;Pequeno dicionário Português - Japonês;R$ 35,00
36;Pequeno dicionário Japonês - Português;R$ 67,00
37;Gramática da Língua Japonesa para Falantes do Português - 3a edição;R$ 45,00
38;Marugoto Syokyu 2 A2 Rikai;R$ 232,00
39;Marugoto Syokyu 2 A2 Katsudou;R$ 220,00
40;Kit com 3 cadernos e 6 pôsteres para iniciante em japonês;R$ 50,00
41;Kit com 3 cadernos e 3 pôsteres para iniciante em japonês;R$ 37,00
42;Pôster de sinalização em japonês;R$ 3,00
43;Pôster de 80 kanjis da 1 série fundamental;R$ 5,50
44;Marugoto Nyumon A1 Rikai;R$ 220,00
45;Marugoto Shokyu 1 A2 Rikai;R$ 232,00
46;Marugoto Shokyu 1 A2 Katsudou;R$ 220,00
47;Kakikata card Kanji - KUMON;R$ 110,00
48;Kakikata card Katakana- KUMON;R$ 130,00
49;Kakikata card Hiragana - KUMON;R$ 132,00
50;Pequeno dicionário Português - Japonês;R$ 35,00
51;Pequeno dicionário Japonês - Português;R$ 67,00
52;Gramática da Língua Japonesa para Falantes do Português - 3a edição;R$ 45,00
53;Marugoto Syokyu 2 A2 Rikai;R$ 232,00
54;Marugoto Syokyu 2 A2 Katsudou;R$ 220,00
55;Kit com 3 cadernos e 6 pôsteres para iniciante em japonês;R$ 50,00
56;Kit com 3 cadernos e 3 pôsteres para iniciante em japonês;R$ 37,00
57;Pôster de sinalização em japonês;R$ 3,00
58;Pôster de 80 kanjis da 1 série fundamental;R$ 5,50
59;Marugoto Nyumon A1 Rikai;R$ 220,00
60;Marugoto Shokyu 1 A2 Rikai;R$ 232,00
61;Marugoto Shokyu 1 A2 Katsudou;R$ 220,00
62;Kakikata card Kanji - KUMON;R$ 110,00
63;Kakikata card Katakana- KUMON;R$ 130,00
64;Kakikata card Hiragana - KUMON;R$ 132,00
65;Pequeno dicionário Português - Japonês;R$ 35,00
66;Pequeno dicionário Japonês - Português;R$ 67,00
67;Gramática da Língua Japonesa para Falantes do Português - 3a edição;R$ 45,00
68;Marugoto Syokyu 2 A2 Rikai;R$ 232,00
69;Marugoto Syokyu 2 A2 Katsudou;R$ 220,00
70;Kit com 3 cadernos e 6 pôsteres para iniciante em japonês;R$ 50,00
71;Kit com 3 cadernos e 3 pôsteres para iniciante em japonês;R$ 37,00
72;Pôster de sinalização em japonês;R$ 3,00
73;Pôster de 80 kanjis da 1 série fundamental;R$ 5,50
74;Marugoto Nyumon A1 Rikai;R$ 220,00
75;Marugoto Shokyu 1 A2 Rikai;R$ 232,00
76;Marugoto Shokyu 1 A2 Katsudou;R$ 220,00
77;Kakikata card Kanji - KUMON;R$ 110,00
78;Kakikata card Katakana- KUMON;R$ 130,00
79;Kakikata card Hiragana - KUMON;R$ 132,00
80;Pequeno dicionário Português - Japonês;R$ 35,00
81;Pequeno dicionário Japonês - Português;R$ 67,00
82;Gramática da Língua Japonesa para Falantes do Português - 3a edição;R$ 45,00
83;Marugoto Syokyu 2 A2 Rikai;R$ 232,00
84;Marugoto Syokyu 2 A2 Katsudou;R$ 220,00
85;Kit com 3 cadernos e 6 pôsteres para iniciante em japonês;R$ 50,00
86;Kit com 3 cadernos e 3 pôsteres para iniciante em japonês;R$ 37,00
87;Pôster de sinalização em japonês;R$ 3,00
88;Pôster de 80 kanjis da 1 série fundamental;R$ 5,50
89;Marugoto Nyumon A1 Rikai;R$ 220,00
